<annotation>
	<folder>training_set</folder>
	<filename>109.jpg</filename>
	<path>C:\Users\Michael Mak\Downloads\Dataset\training_set\109.jpg</path>
	<source>
		<database>Unknown</database>
	</source>
	<size>
		<width>300</width>
		<height>300</height>
		<depth>3</depth>
	</size>
	<segmented>0</segmented>
	<object>
		<name>traffic cone</name>
		<pose>Unspecified</pose>
		<truncated>0</truncated>
		<difficult>0</difficult>
		<bndbox>
			<xmin>34</xmin>
			<ymin>41</ymin>
			<xmax>109</xmax>
			<ymax>204</ymax>
		</bndbox>
	</object>
	<object>
		<name>traffic cone</name>
		<pose>Unspecified</pose>
		<truncated>0</truncated>
		<difficult>0</difficult>
		<bndbox>
			<xmin>105</xmin>
			<ymin>55</ymin>
			<xmax>180</xmax>
			<ymax>231</ymax>
		</bndbox>
	</object>
	<object>
		<name>traffic cone</name>
		<pose>Unspecified</pose>
		<truncated>0</truncated>
		<difficult>0</difficult>
		<bndbox>
			<xmin>152</xmin>
			<ymin>100</ymin>
			<xmax>242</xmax>
			<ymax>246</ymax>
		</bndbox>
	</object>
</annotation>
