<annotation>
	<folder>training_set</folder>
	<filename>119.jpg</filename>
	<path>C:\Users\Michael Mak\Downloads\Dataset\training_set\119.jpg</path>
	<source>
		<database>Unknown</database>
	</source>
	<size>
		<width>300</width>
		<height>300</height>
		<depth>3</depth>
	</size>
	<segmented>0</segmented>
	<object>
		<name>traffic cone</name>
		<pose>Unspecified</pose>
		<truncated>0</truncated>
		<difficult>0</difficult>
		<bndbox>
			<xmin>11</xmin>
			<ymin>55</ymin>
			<xmax>74</xmax>
			<ymax>274</ymax>
		</bndbox>
	</object>
	<object>
		<name>traffic cone</name>
		<pose>Unspecified</pose>
		<truncated>1</truncated>
		<difficult>0</difficult>
		<bndbox>
			<xmin>98</xmin>
			<ymin>17</ymin>
			<xmax>204</xmax>
			<ymax>300</ymax>
		</bndbox>
	</object>
	<object>
		<name>traffic cone</name>
		<pose>Unspecified</pose>
		<truncated>1</truncated>
		<difficult>0</difficult>
		<bndbox>
			<xmin>221</xmin>
			<ymin>40</ymin>
			<xmax>300</xmax>
			<ymax>255</ymax>
		</bndbox>
	</object>
</annotation>
