<annotation>
	<folder>training_set</folder>
	<filename>121.jpg</filename>
	<path>C:\Users\Michael Mak\Downloads\Dataset\training_set\121.jpg</path>
	<source>
		<database>Unknown</database>
	</source>
	<size>
		<width>300</width>
		<height>300</height>
		<depth>3</depth>
	</size>
	<segmented>0</segmented>
	<object>
		<name>traffic cone</name>
		<pose>Unspecified</pose>
		<truncated>0</truncated>
		<difficult>0</difficult>
		<bndbox>
			<xmin>32</xmin>
			<ymin>6</ymin>
			<xmax>233</xmax>
			<ymax>289</ymax>
		</bndbox>
	</object>
	<object>
		<name>traffic cone</name>
		<pose>Unspecified</pose>
		<truncated>0</truncated>
		<difficult>0</difficult>
		<bndbox>
			<xmin>140</xmin>
			<ymin>72</ymin>
			<xmax>262</xmax>
			<ymax>244</ymax>
		</bndbox>
	</object>
</annotation>
