<annotation>
	<folder>training_set</folder>
	<filename>139.jpg</filename>
	<path>C:\Users\Michael Mak\Downloads\Dataset\training_set\139.jpg</path>
	<source>
		<database>Unknown</database>
	</source>
	<size>
		<width>300</width>
		<height>300</height>
		<depth>3</depth>
	</size>
	<segmented>0</segmented>
	<object>
		<name>traffic cone</name>
		<pose>Unspecified</pose>
		<truncated>0</truncated>
		<difficult>0</difficult>
		<bndbox>
			<xmin>22</xmin>
			<ymin>45</ymin>
			<xmax>189</xmax>
			<ymax>265</ymax>
		</bndbox>
	</object>
	<object>
		<name>traffic cone</name>
		<pose>Unspecified</pose>
		<truncated>0</truncated>
		<difficult>0</difficult>
		<bndbox>
			<xmin>169</xmin>
			<ymin>47</ymin>
			<xmax>241</xmax>
			<ymax>145</ymax>
		</bndbox>
	</object>
</annotation>
