<annotation>
	<folder>training_set</folder>
	<filename>148.jpg</filename>
	<path>C:\Users\Michael Mak\Downloads\Dataset\training_set\148.jpg</path>
	<source>
		<database>Unknown</database>
	</source>
	<size>
		<width>300</width>
		<height>300</height>
		<depth>3</depth>
	</size>
	<segmented>0</segmented>
	<object>
		<name>traffic cone</name>
		<pose>Unspecified</pose>
		<truncated>0</truncated>
		<difficult>0</difficult>
		<bndbox>
			<xmin>36</xmin>
			<ymin>113</ymin>
			<xmax>88</xmax>
			<ymax>249</ymax>
		</bndbox>
	</object>
	<object>
		<name>traffic cone</name>
		<pose>Unspecified</pose>
		<truncated>0</truncated>
		<difficult>0</difficult>
		<bndbox>
			<xmin>113</xmin>
			<ymin>62</ymin>
			<xmax>177</xmax>
			<ymax>251</ymax>
		</bndbox>
	</object>
	<object>
		<name>traffic cone</name>
		<pose>Unspecified</pose>
		<truncated>0</truncated>
		<difficult>0</difficult>
		<bndbox>
			<xmin>194</xmin>
			<ymin>26</ymin>
			<xmax>271</xmax>
			<ymax>257</ymax>
		</bndbox>
	</object>
</annotation>
