<annotation>
	<folder>training_set</folder>
	<filename>150.jpg</filename>
	<path>C:\Users\Michael Mak\Desktop\Internship 2019\Ongoing\dataset\training_set\150.jpg</path>
	<source>
		<database>Unknown</database>
	</source>
	<size>
		<width>300</width>
		<height>300</height>
		<depth>3</depth>
	</size>
	<segmented>0</segmented>
	<object>
		<name>traffic cone</name>
		<pose>Unspecified</pose>
		<truncated>0</truncated>
		<difficult>0</difficult>
		<bndbox>
			<xmin>6</xmin>
			<ymin>13</ymin>
			<xmax>102</xmax>
			<ymax>287</ymax>
		</bndbox>
	</object>
	<object>
		<name>traffic cone</name>
		<pose>Unspecified</pose>
		<truncated>0</truncated>
		<difficult>0</difficult>
		<bndbox>
			<xmin>104</xmin>
			<ymin>16</ymin>
			<xmax>200</xmax>
			<ymax>289</ymax>
		</bndbox>
	</object>
	<object>
		<name>traffic cone</name>
		<pose>Unspecified</pose>
		<truncated>0</truncated>
		<difficult>0</difficult>
		<bndbox>
			<xmin>200</xmin>
			<ymin>17</ymin>
			<xmax>297</xmax>
			<ymax>290</ymax>
		</bndbox>
	</object>
</annotation>
