<annotation>
	<folder>training_set</folder>
	<filename>157.jpg</filename>
	<path>C:\Users\Michael Mak\Downloads\Dataset\training_set\157.jpg</path>
	<source>
		<database>Unknown</database>
	</source>
	<size>
		<width>300</width>
		<height>300</height>
		<depth>3</depth>
	</size>
	<segmented>0</segmented>
	<object>
		<name>traffic cone</name>
		<pose>Unspecified</pose>
		<truncated>0</truncated>
		<difficult>0</difficult>
		<bndbox>
			<xmin>70</xmin>
			<ymin>51</ymin>
			<xmax>140</xmax>
			<ymax>165</ymax>
		</bndbox>
	</object>
</annotation>
