<annotation>
	<folder>training_set</folder>
	<filename>165.jpg</filename>
	<path>C:\Users\Michael Mak\Desktop\Internship 2019\Ongoing\dataset\training_set\165.jpg</path>
	<source>
		<database>Unknown</database>
	</source>
	<size>
		<width>300</width>
		<height>300</height>
		<depth>3</depth>
	</size>
	<segmented>0</segmented>
	<object>
		<name>traffic cone</name>
		<pose>Unspecified</pose>
		<truncated>0</truncated>
		<difficult>0</difficult>
		<bndbox>
			<xmin>33</xmin>
			<ymin>81</ymin>
			<xmax>128</xmax>
			<ymax>249</ymax>
		</bndbox>
	</object>
	<object>
		<name>traffic cone</name>
		<pose>Unspecified</pose>
		<truncated>0</truncated>
		<difficult>0</difficult>
		<bndbox>
			<xmin>94</xmin>
			<ymin>32</ymin>
			<xmax>236</xmax>
			<ymax>275</ymax>
		</bndbox>
	</object>
	<object>
		<name>traffic cone</name>
		<pose>Unspecified</pose>
		<truncated>0</truncated>
		<difficult>0</difficult>
		<bndbox>
			<xmin>157</xmin>
			<ymin>24</ymin>
			<xmax>267</xmax>
			<ymax>248</ymax>
		</bndbox>
	</object>
</annotation>
