<annotation>
	<folder>training_set</folder>
	<filename>168.jpg</filename>
	<path>C:\Users\Michael Mak\Downloads\Dataset\training_set\168.jpg</path>
	<source>
		<database>Unknown</database>
	</source>
	<size>
		<width>300</width>
		<height>300</height>
		<depth>3</depth>
	</size>
	<segmented>0</segmented>
	<object>
		<name>traffic cone</name>
		<pose>Unspecified</pose>
		<truncated>0</truncated>
		<difficult>0</difficult>
		<bndbox>
			<xmin>97</xmin>
			<ymin>44</ymin>
			<xmax>205</xmax>
			<ymax>261</ymax>
		</bndbox>
	</object>
</annotation>
