<annotation>
	<folder>training_set</folder>
	<filename>172.jpg</filename>
	<path>C:\Users\Michael Mak\Downloads\Dataset\training_set\172.jpg</path>
	<source>
		<database>Unknown</database>
	</source>
	<size>
		<width>300</width>
		<height>300</height>
		<depth>3</depth>
	</size>
	<segmented>0</segmented>
	<object>
		<name>traffic cone</name>
		<pose>Unspecified</pose>
		<truncated>0</truncated>
		<difficult>0</difficult>
		<bndbox>
			<xmin>58</xmin>
			<ymin>136</ymin>
			<xmax>131</xmax>
			<ymax>246</ymax>
		</bndbox>
	</object>
	<object>
		<name>traffic cone</name>
		<pose>Unspecified</pose>
		<truncated>0</truncated>
		<difficult>0</difficult>
		<bndbox>
			<xmin>171</xmin>
			<ymin>84</ymin>
			<xmax>233</xmax>
			<ymax>203</ymax>
		</bndbox>
	</object>
</annotation>
