<annotation>
	<folder>training_set</folder>
	<filename>174.jpg</filename>
	<path>C:\Users\Michael Mak\Downloads\Dataset\training_set\174.jpg</path>
	<source>
		<database>Unknown</database>
	</source>
	<size>
		<width>300</width>
		<height>300</height>
		<depth>3</depth>
	</size>
	<segmented>0</segmented>
	<object>
		<name>traffic cone</name>
		<pose>Unspecified</pose>
		<truncated>0</truncated>
		<difficult>0</difficult>
		<bndbox>
			<xmin>7</xmin>
			<ymin>97</ymin>
			<xmax>132</xmax>
			<ymax>277</ymax>
		</bndbox>
	</object>
	<object>
		<name>traffic cone</name>
		<pose>Unspecified</pose>
		<truncated>0</truncated>
		<difficult>0</difficult>
		<bndbox>
			<xmin>124</xmin>
			<ymin>168</ymin>
			<xmax>240</xmax>
			<ymax>292</ymax>
		</bndbox>
	</object>
	<object>
		<name>traffic cone</name>
		<pose>Unspecified</pose>
		<truncated>0</truncated>
		<difficult>0</difficult>
		<bndbox>
			<xmin>219</xmin>
			<ymin>188</ymin>
			<xmax>292</xmax>
			<ymax>262</ymax>
		</bndbox>
	</object>
	<object>
		<name>traffic cone</name>
		<pose>Unspecified</pose>
		<truncated>0</truncated>
		<difficult>0</difficult>
		<bndbox>
			<xmin>90</xmin>
			<ymin>7</ymin>
			<xmax>253</xmax>
			<ymax>248</ymax>
		</bndbox>
	</object>
</annotation>
