<annotation>
	<folder>training_set</folder>
	<filename>177.jpg</filename>
	<path>C:\Users\Michael Mak\Downloads\Dataset\training_set\177.jpg</path>
	<source>
		<database>Unknown</database>
	</source>
	<size>
		<width>300</width>
		<height>300</height>
		<depth>3</depth>
	</size>
	<segmented>0</segmented>
	<object>
		<name>traffic cone</name>
		<pose>Unspecified</pose>
		<truncated>0</truncated>
		<difficult>0</difficult>
		<bndbox>
			<xmin>41</xmin>
			<ymin>55</ymin>
			<xmax>82</xmax>
			<ymax>130</ymax>
		</bndbox>
	</object>
	<object>
		<name>traffic cone</name>
		<pose>Unspecified</pose>
		<truncated>0</truncated>
		<difficult>0</difficult>
		<bndbox>
			<xmin>194</xmin>
			<ymin>109</ymin>
			<xmax>260</xmax>
			<ymax>235</ymax>
		</bndbox>
	</object>
</annotation>
