<annotation>
	<folder>training_set</folder>
	<filename>186.jpg</filename>
	<path>C:\Users\Michael Mak\Downloads\Dataset\training_set\186.jpg</path>
	<source>
		<database>Unknown</database>
	</source>
	<size>
		<width>300</width>
		<height>300</height>
		<depth>3</depth>
	</size>
	<segmented>0</segmented>
	<object>
		<name>traffic cone</name>
		<pose>Unspecified</pose>
		<truncated>0</truncated>
		<difficult>0</difficult>
		<bndbox>
			<xmin>76</xmin>
			<ymin>7</ymin>
			<xmax>154</xmax>
			<ymax>292</ymax>
		</bndbox>
	</object>
	<object>
		<name>traffic cone</name>
		<pose>Unspecified</pose>
		<truncated>0</truncated>
		<difficult>0</difficult>
		<bndbox>
			<xmin>144</xmin>
			<ymin>81</ymin>
			<xmax>263</xmax>
			<ymax>273</ymax>
		</bndbox>
	</object>
</annotation>
