<annotation>
	<folder>training_set</folder>
	<filename>188.jpg</filename>
	<path>C:\Users\Michael Mak\Downloads\Dataset\training_set\188.jpg</path>
	<source>
		<database>Unknown</database>
	</source>
	<size>
		<width>300</width>
		<height>300</height>
		<depth>3</depth>
	</size>
	<segmented>0</segmented>
	<object>
		<name>traffic cone</name>
		<pose>Unspecified</pose>
		<truncated>0</truncated>
		<difficult>0</difficult>
		<bndbox>
			<xmin>12</xmin>
			<ymin>14</ymin>
			<xmax>151</xmax>
			<ymax>286</ymax>
		</bndbox>
	</object>
	<object>
		<name>traffic cone</name>
		<pose>Unspecified</pose>
		<truncated>0</truncated>
		<difficult>0</difficult>
		<bndbox>
			<xmin>154</xmin>
			<ymin>3</ymin>
			<xmax>298</xmax>
			<ymax>283</ymax>
		</bndbox>
	</object>
</annotation>
