<annotation>
	<folder>training_set</folder>
	<filename>190.jpg</filename>
	<path>C:\Users\Michael Mak\Desktop\Internship 2019\Ongoing\dataset\training_set\190.jpg</path>
	<source>
		<database>Unknown</database>
	</source>
	<size>
		<width>300</width>
		<height>300</height>
		<depth>3</depth>
	</size>
	<segmented>0</segmented>
	<object>
		<name>traffic cone</name>
		<pose>Unspecified</pose>
		<truncated>0</truncated>
		<difficult>0</difficult>
		<bndbox>
			<xmin>2</xmin>
			<ymin>8</ymin>
			<xmax>66</xmax>
			<ymax>291</ymax>
		</bndbox>
	</object>
	<object>
		<name>traffic cone</name>
		<pose>Unspecified</pose>
		<truncated>0</truncated>
		<difficult>0</difficult>
		<bndbox>
			<xmin>77</xmin>
			<ymin>6</ymin>
			<xmax>145</xmax>
			<ymax>292</ymax>
		</bndbox>
	</object>
	<object>
		<name>traffic cone</name>
		<pose>Unspecified</pose>
		<truncated>0</truncated>
		<difficult>0</difficult>
		<bndbox>
			<xmin>156</xmin>
			<ymin>9</ymin>
			<xmax>221</xmax>
			<ymax>294</ymax>
		</bndbox>
	</object>
	<object>
		<name>traffic cone</name>
		<pose>Unspecified</pose>
		<truncated>0</truncated>
		<difficult>0</difficult>
		<bndbox>
			<xmin>234</xmin>
			<ymin>13</ymin>
			<xmax>297</xmax>
			<ymax>291</ymax>
		</bndbox>
	</object>
</annotation>
