<annotation>
	<folder>training_set</folder>
	<filename>191.jpg</filename>
	<path>C:\Users\Michael Mak\Downloads\Dataset\training_set\191.jpg</path>
	<source>
		<database>Unknown</database>
	</source>
	<size>
		<width>300</width>
		<height>300</height>
		<depth>3</depth>
	</size>
	<segmented>0</segmented>
	<object>
		<name>traffic cone</name>
		<pose>Unspecified</pose>
		<truncated>0</truncated>
		<difficult>0</difficult>
		<bndbox>
			<xmin>38</xmin>
			<ymin>52</ymin>
			<xmax>106</xmax>
			<ymax>190</ymax>
		</bndbox>
	</object>
	<object>
		<name>traffic cone</name>
		<pose>Unspecified</pose>
		<truncated>0</truncated>
		<difficult>0</difficult>
		<bndbox>
			<xmin>104</xmin>
			<ymin>112</ymin>
			<xmax>180</xmax>
			<ymax>258</ymax>
		</bndbox>
	</object>
	<object>
		<name>traffic cone</name>
		<pose>Unspecified</pose>
		<truncated>0</truncated>
		<difficult>0</difficult>
		<bndbox>
			<xmin>175</xmin>
			<ymin>57</ymin>
			<xmax>257</xmax>
			<ymax>204</ymax>
		</bndbox>
	</object>
</annotation>
