<annotation>
	<folder>training_set</folder>
	<filename>192.jpg</filename>
	<path>C:\Users\Michael Mak\Downloads\Dataset\training_set\192.jpg</path>
	<source>
		<database>Unknown</database>
	</source>
	<size>
		<width>300</width>
		<height>300</height>
		<depth>3</depth>
	</size>
	<segmented>0</segmented>
	<object>
		<name>traffic cone</name>
		<pose>Unspecified</pose>
		<truncated>0</truncated>
		<difficult>0</difficult>
		<bndbox>
			<xmin>49</xmin>
			<ymin>4</ymin>
			<xmax>134</xmax>
			<ymax>138</ymax>
		</bndbox>
	</object>
	<object>
		<name>traffic cone</name>
		<pose>Unspecified</pose>
		<truncated>0</truncated>
		<difficult>0</difficult>
		<bndbox>
			<xmin>187</xmin>
			<ymin>6</ymin>
			<xmax>271</xmax>
			<ymax>140</ymax>
		</bndbox>
	</object>
	<object>
		<name>traffic cone</name>
		<pose>Unspecified</pose>
		<truncated>0</truncated>
		<difficult>0</difficult>
		<bndbox>
			<xmin>37</xmin>
			<ymin>160</ymin>
			<xmax>121</xmax>
			<ymax>293</ymax>
		</bndbox>
	</object>
	<object>
		<name>traffic cone</name>
		<pose>Unspecified</pose>
		<truncated>0</truncated>
		<difficult>0</difficult>
		<bndbox>
			<xmin>174</xmin>
			<ymin>160</ymin>
			<xmax>259</xmax>
			<ymax>294</ymax>
		</bndbox>
	</object>
</annotation>
