<annotation>
	<folder>training_set</folder>
	<filename>2.jpg</filename>
	<path>C:\Users\Michael Mak\Desktop\Internship 2019\Ongoing\dataset\training_set\2.jpg</path>
	<source>
		<database>Unknown</database>
	</source>
	<size>
		<width>300</width>
		<height>300</height>
		<depth>3</depth>
	</size>
	<segmented>0</segmented>
	<object>
		<name>traffic cone</name>
		<pose>Unspecified</pose>
		<truncated>1</truncated>
		<difficult>0</difficult>
		<bndbox>
			<xmin>261</xmin>
			<ymin>21</ymin>
			<xmax>300</xmax>
			<ymax>68</ymax>
		</bndbox>
	</object>
</annotation>
