<annotation>
	<folder>training_set</folder>
	<filename>207.jpg</filename>
	<path>C:\Users\Michael Mak\Downloads\Dataset\training_set\207.jpg</path>
	<source>
		<database>Unknown</database>
	</source>
	<size>
		<width>300</width>
		<height>300</height>
		<depth>3</depth>
	</size>
	<segmented>0</segmented>
	<object>
		<name>traffic cone</name>
		<pose>Unspecified</pose>
		<truncated>0</truncated>
		<difficult>0</difficult>
		<bndbox>
			<xmin>38</xmin>
			<ymin>7</ymin>
			<xmax>110</xmax>
			<ymax>238</ymax>
		</bndbox>
	</object>
	<object>
		<name>traffic cone</name>
		<pose>Unspecified</pose>
		<truncated>0</truncated>
		<difficult>0</difficult>
		<bndbox>
			<xmin>112</xmin>
			<ymin>30</ymin>
			<xmax>188</xmax>
			<ymax>281</ymax>
		</bndbox>
	</object>
	<object>
		<name>traffic cone</name>
		<pose>Unspecified</pose>
		<truncated>0</truncated>
		<difficult>0</difficult>
		<bndbox>
			<xmin>183</xmin>
			<ymin>96</ymin>
			<xmax>281</xmax>
			<ymax>220</ymax>
		</bndbox>
	</object>
</annotation>
