<annotation>
	<folder>training_set</folder>
	<filename>208.jpg</filename>
	<path>C:\Users\Michael Mak\Downloads\Dataset\training_set\208.jpg</path>
	<source>
		<database>Unknown</database>
	</source>
	<size>
		<width>0</width>
		<height>0</height>
		<depth>3</depth>
	</size>
	<segmented>0</segmented>
	<object>
		<name>traffic cone</name>
		<pose>Unspecified</pose>
		<truncated>0</truncated>
		<difficult>0</difficult>
		<bndbox>
			<xmin>21</xmin>
			<ymin>82</ymin>
			<xmax>131</xmax>
			<ymax>242</ymax>
		</bndbox>
	</object>
	<object>
		<name>traffic cone</name>
		<pose>Unspecified</pose>
		<truncated>0</truncated>
		<difficult>0</difficult>
		<bndbox>
			<xmin>77</xmin>
			<ymin>151</ymin>
			<xmax>184</xmax>
			<ymax>271</ymax>
		</bndbox>
	</object>
	<object>
		<name>traffic cone</name>
		<pose>Unspecified</pose>
		<truncated>0</truncated>
		<difficult>0</difficult>
		<bndbox>
			<xmin>139</xmin>
			<ymin>10</ymin>
			<xmax>284</xmax>
			<ymax>238</ymax>
		</bndbox>
	</object>
</annotation>
