<annotation>
	<folder>training_set</folder>
	<filename>211.jpg</filename>
	<path>C:\Users\Michael Mak\Downloads\Dataset\training_set\211.jpg</path>
	<source>
		<database>Unknown</database>
	</source>
	<size>
		<width>300</width>
		<height>300</height>
		<depth>3</depth>
	</size>
	<segmented>0</segmented>
	<object>
		<name>traffic cone</name>
		<pose>Unspecified</pose>
		<truncated>0</truncated>
		<difficult>0</difficult>
		<bndbox>
			<xmin>96</xmin>
			<ymin>44</ymin>
			<xmax>149</xmax>
			<ymax>111</ymax>
		</bndbox>
	</object>
	<object>
		<name>traffic cone</name>
		<pose>Unspecified</pose>
		<truncated>0</truncated>
		<difficult>0</difficult>
		<bndbox>
			<xmin>116</xmin>
			<ymin>89</ymin>
			<xmax>185</xmax>
			<ymax>153</ymax>
		</bndbox>
	</object>
	<object>
		<name>traffic cone</name>
		<pose>Unspecified</pose>
		<truncated>0</truncated>
		<difficult>0</difficult>
		<bndbox>
			<xmin>184</xmin>
			<ymin>113</ymin>
			<xmax>282</xmax>
			<ymax>188</ymax>
		</bndbox>
	</object>
</annotation>
