<annotation>
	<folder>training_set</folder>
	<filename>220.jpg</filename>
	<path>C:\Users\Michael Mak\Downloads\Dataset\training_set\220.jpg</path>
	<source>
		<database>Unknown</database>
	</source>
	<size>
		<width>300</width>
		<height>300</height>
		<depth>3</depth>
	</size>
	<segmented>0</segmented>
	<object>
		<name>traffic cone</name>
		<pose>Unspecified</pose>
		<truncated>0</truncated>
		<difficult>0</difficult>
		<bndbox>
			<xmin>42</xmin>
			<ymin>40</ymin>
			<xmax>86</xmax>
			<ymax>140</ymax>
		</bndbox>
	</object>
	<object>
		<name>traffic cone</name>
		<pose>Unspecified</pose>
		<truncated>0</truncated>
		<difficult>0</difficult>
		<bndbox>
			<xmin>176</xmin>
			<ymin>73</ymin>
			<xmax>257</xmax>
			<ymax>257</ymax>
		</bndbox>
	</object>
</annotation>
