<annotation>
	<folder>training_set</folder>
	<filename>234.jpg</filename>
	<path>C:\Users\Michael Mak\Downloads\Dataset\training_set\234.jpg</path>
	<source>
		<database>Unknown</database>
	</source>
	<size>
		<width>300</width>
		<height>300</height>
		<depth>3</depth>
	</size>
	<segmented>0</segmented>
	<object>
		<name>traffic cone</name>
		<pose>Unspecified</pose>
		<truncated>0</truncated>
		<difficult>0</difficult>
		<bndbox>
			<xmin>27</xmin>
			<ymin>53</ymin>
			<xmax>149</xmax>
			<ymax>273</ymax>
		</bndbox>
	</object>
	<object>
		<name>traffic cone</name>
		<pose>Unspecified</pose>
		<truncated>0</truncated>
		<difficult>0</difficult>
		<bndbox>
			<xmin>155</xmin>
			<ymin>43</ymin>
			<xmax>267</xmax>
			<ymax>279</ymax>
		</bndbox>
	</object>
</annotation>
