<annotation>
	<folder>training_set</folder>
	<filename>247.jpg</filename>
	<path>C:\Users\Michael Mak\Downloads\Dataset\training_set\247.jpg</path>
	<source>
		<database>Unknown</database>
	</source>
	<size>
		<width>300</width>
		<height>300</height>
		<depth>3</depth>
	</size>
	<segmented>0</segmented>
	<object>
		<name>traffic cone</name>
		<pose>Unspecified</pose>
		<truncated>1</truncated>
		<difficult>0</difficult>
		<bndbox>
			<xmin>40</xmin>
			<ymin>109</ymin>
			<xmax>150</xmax>
			<ymax>300</ymax>
		</bndbox>
	</object>
	<object>
		<name>traffic cone</name>
		<pose>Unspecified</pose>
		<truncated>0</truncated>
		<difficult>0</difficult>
		<bndbox>
			<xmin>89</xmin>
			<ymin>98</ymin>
			<xmax>176</xmax>
			<ymax>273</ymax>
		</bndbox>
	</object>
	<object>
		<name>traffic cone</name>
		<pose>Unspecified</pose>
		<truncated>0</truncated>
		<difficult>0</difficult>
		<bndbox>
			<xmin>103</xmin>
			<ymin>79</ymin>
			<xmax>176</xmax>
			<ymax>206</ymax>
		</bndbox>
	</object>
	<object>
		<name>traffic cone</name>
		<pose>Unspecified</pose>
		<truncated>0</truncated>
		<difficult>0</difficult>
		<bndbox>
			<xmin>157</xmin>
			<ymin>72</ymin>
			<xmax>216</xmax>
			<ymax>169</ymax>
		</bndbox>
	</object>
	<object>
		<name>traffic cone</name>
		<pose>Unspecified</pose>
		<truncated>0</truncated>
		<difficult>0</difficult>
		<bndbox>
			<xmin>195</xmin>
			<ymin>66</ymin>
			<xmax>238</xmax>
			<ymax>148</ymax>
		</bndbox>
	</object>
	<object>
		<name>traffic cone</name>
		<pose>Unspecified</pose>
		<truncated>0</truncated>
		<difficult>0</difficult>
		<bndbox>
			<xmin>218</xmin>
			<ymin>60</ymin>
			<xmax>247</xmax>
			<ymax>127</ymax>
		</bndbox>
	</object>
	<object>
		<name>traffic cone</name>
		<pose>Unspecified</pose>
		<truncated>0</truncated>
		<difficult>0</difficult>
		<bndbox>
			<xmin>237</xmin>
			<ymin>61</ymin>
			<xmax>254</xmax>
			<ymax>119</ymax>
		</bndbox>
	</object>
</annotation>
