<annotation>
	<folder>training_set</folder>
	<filename>248.jpg</filename>
	<path>C:\Users\Michael Mak\Downloads\Dataset\training_set\248.jpg</path>
	<source>
		<database>Unknown</database>
	</source>
	<size>
		<width>300</width>
		<height>300</height>
		<depth>3</depth>
	</size>
	<segmented>0</segmented>
	<object>
		<name>traffic cone</name>
		<pose>Unspecified</pose>
		<truncated>0</truncated>
		<difficult>0</difficult>
		<bndbox>
			<xmin>72</xmin>
			<ymin>150</ymin>
			<xmax>177</xmax>
			<ymax>259</ymax>
		</bndbox>
	</object>
	<object>
		<name>traffic cone</name>
		<pose>Unspecified</pose>
		<truncated>0</truncated>
		<difficult>0</difficult>
		<bndbox>
			<xmin>158</xmin>
			<ymin>92</ymin>
			<xmax>214</xmax>
			<ymax>227</ymax>
		</bndbox>
	</object>
	<object>
		<name>traffic cone</name>
		<pose>Unspecified</pose>
		<truncated>0</truncated>
		<difficult>0</difficult>
		<bndbox>
			<xmin>208</xmin>
			<ymin>84</ymin>
			<xmax>287</xmax>
			<ymax>259</ymax>
		</bndbox>
	</object>
</annotation>
