<annotation>
	<folder>training_set</folder>
	<filename>249.jpg</filename>
	<path>C:\Users\Michael Mak\Downloads\Dataset\training_set\249.jpg</path>
	<source>
		<database>Unknown</database>
	</source>
	<size>
		<width>300</width>
		<height>300</height>
		<depth>3</depth>
	</size>
	<segmented>0</segmented>
	<object>
		<name>traffic cone</name>
		<pose>Unspecified</pose>
		<truncated>0</truncated>
		<difficult>0</difficult>
		<bndbox>
			<xmin>88</xmin>
			<ymin>63</ymin>
			<xmax>160</xmax>
			<ymax>262</ymax>
		</bndbox>
	</object>
	<object>
		<name>traffic cone</name>
		<pose>Unspecified</pose>
		<truncated>0</truncated>
		<difficult>0</difficult>
		<bndbox>
			<xmin>156</xmin>
			<ymin>59</ymin>
			<xmax>233</xmax>
			<ymax>257</ymax>
		</bndbox>
	</object>
</annotation>
