<annotation>
	<folder>training_set</folder>
	<filename>284.jpg</filename>
	<path>C:\Users\Michael Mak\Downloads\Dataset\training_set\284.jpg</path>
	<source>
		<database>Unknown</database>
	</source>
	<size>
		<width>300</width>
		<height>300</height>
		<depth>3</depth>
	</size>
	<segmented>0</segmented>
	<object>
		<name>traffic cone</name>
		<pose>Unspecified</pose>
		<truncated>0</truncated>
		<difficult>0</difficult>
		<bndbox>
			<xmin>19</xmin>
			<ymin>173</ymin>
			<xmax>61</xmax>
			<ymax>278</ymax>
		</bndbox>
	</object>
	<object>
		<name>traffic cone</name>
		<pose>Unspecified</pose>
		<truncated>0</truncated>
		<difficult>0</difficult>
		<bndbox>
			<xmin>136</xmin>
			<ymin>167</ymin>
			<xmax>178</xmax>
			<ymax>269</ymax>
		</bndbox>
	</object>
</annotation>
