<annotation>
	<folder>training_set</folder>
	<filename>285.jpg</filename>
	<path>C:\Users\Michael Mak\Downloads\Dataset\training_set\285.jpg</path>
	<source>
		<database>Unknown</database>
	</source>
	<size>
		<width>300</width>
		<height>300</height>
		<depth>3</depth>
	</size>
	<segmented>0</segmented>
	<object>
		<name>traffic cone</name>
		<pose>Unspecified</pose>
		<truncated>0</truncated>
		<difficult>0</difficult>
		<bndbox>
			<xmin>34</xmin>
			<ymin>187</ymin>
			<xmax>55</xmax>
			<ymax>245</ymax>
		</bndbox>
	</object>
	<object>
		<name>traffic cone</name>
		<pose>Unspecified</pose>
		<truncated>0</truncated>
		<difficult>0</difficult>
		<bndbox>
			<xmin>95</xmin>
			<ymin>186</ymin>
			<xmax>121</xmax>
			<ymax>242</ymax>
		</bndbox>
	</object>
</annotation>
