<annotation>
	<folder>training_set</folder>
	<filename>289.jpg</filename>
	<path>C:\Users\Michael Mak\Downloads\Dataset\training_set\289.jpg</path>
	<source>
		<database>Unknown</database>
	</source>
	<size>
		<width>300</width>
		<height>300</height>
		<depth>3</depth>
	</size>
	<segmented>0</segmented>
	<object>
		<name>traffic cone</name>
		<pose>Unspecified</pose>
		<truncated>0</truncated>
		<difficult>0</difficult>
		<bndbox>
			<xmin>108</xmin>
			<ymin>125</ymin>
			<xmax>183</xmax>
			<ymax>264</ymax>
		</bndbox>
	</object>
	<object>
		<name>traffic cone</name>
		<pose>Unspecified</pose>
		<truncated>0</truncated>
		<difficult>0</difficult>
		<bndbox>
			<xmin>136</xmin>
			<ymin>110</ymin>
			<xmax>166</xmax>
			<ymax>158</ymax>
		</bndbox>
	</object>
</annotation>
