<annotation>
	<folder>training_set</folder>
	<filename>302.jpg</filename>
	<path>C:\Users\Michael Mak\Downloads\Dataset\training_set\302.jpg</path>
	<source>
		<database>Unknown</database>
	</source>
	<size>
		<width>300</width>
		<height>300</height>
		<depth>3</depth>
	</size>
	<segmented>0</segmented>
	<object>
		<name>traffic cone</name>
		<pose>Unspecified</pose>
		<truncated>0</truncated>
		<difficult>0</difficult>
		<bndbox>
			<xmin>116</xmin>
			<ymin>115</ymin>
			<xmax>149</xmax>
			<ymax>194</ymax>
		</bndbox>
	</object>
	<object>
		<name>traffic cone</name>
		<pose>Unspecified</pose>
		<truncated>0</truncated>
		<difficult>0</difficult>
		<bndbox>
			<xmin>158</xmin>
			<ymin>106</ymin>
			<xmax>189</xmax>
			<ymax>175</ymax>
		</bndbox>
	</object>
</annotation>
