<annotation>
	<folder>training_set</folder>
	<filename>305.jpg</filename>
	<path>C:\Users\Michael Mak\Downloads\Dataset\training_set\305.jpg</path>
	<source>
		<database>Unknown</database>
	</source>
	<size>
		<width>300</width>
		<height>300</height>
		<depth>3</depth>
	</size>
	<segmented>0</segmented>
	<object>
		<name>traffic cone</name>
		<pose>Unspecified</pose>
		<truncated>0</truncated>
		<difficult>0</difficult>
		<bndbox>
			<xmin>164</xmin>
			<ymin>31</ymin>
			<xmax>275</xmax>
			<ymax>258</ymax>
		</bndbox>
	</object>
</annotation>
