<annotation>
	<folder>training_set</folder>
	<filename>310.jpg</filename>
	<path>C:\Users\Michael Mak\Downloads\Dataset\training_set\310.jpg</path>
	<source>
		<database>Unknown</database>
	</source>
	<size>
		<width>300</width>
		<height>300</height>
		<depth>3</depth>
	</size>
	<segmented>0</segmented>
	<object>
		<name>traffic cone</name>
		<pose>Unspecified</pose>
		<truncated>0</truncated>
		<difficult>0</difficult>
		<bndbox>
			<xmin>17</xmin>
			<ymin>103</ymin>
			<xmax>132</xmax>
			<ymax>294</ymax>
		</bndbox>
	</object>
	<object>
		<name>traffic cone</name>
		<pose>Unspecified</pose>
		<truncated>0</truncated>
		<difficult>0</difficult>
		<bndbox>
			<xmin>33</xmin>
			<ymin>14</ymin>
			<xmax>178</xmax>
			<ymax>240</ymax>
		</bndbox>
	</object>
</annotation>
