<annotation>
	<folder>training_set</folder>
	<filename>32.jpg</filename>
	<path>C:\Users\Michael Mak\Downloads\Dataset\training_set\32.jpg</path>
	<source>
		<database>Unknown</database>
	</source>
	<size>
		<width>300</width>
		<height>300</height>
		<depth>3</depth>
	</size>
	<segmented>0</segmented>
	<object>
		<name>traffic cone</name>
		<pose>Unspecified</pose>
		<truncated>1</truncated>
		<difficult>0</difficult>
		<bndbox>
			<xmin>1</xmin>
			<ymin>184</ymin>
			<xmax>61</xmax>
			<ymax>267</ymax>
		</bndbox>
	</object>
	<object>
		<name>traffic cone</name>
		<pose>Unspecified</pose>
		<truncated>1</truncated>
		<difficult>0</difficult>
		<bndbox>
			<xmin>224</xmin>
			<ymin>35</ymin>
			<xmax>300</xmax>
			<ymax>152</ymax>
		</bndbox>
	</object>
</annotation>
