<annotation>
	<folder>training_set</folder>
	<filename>320.jpg</filename>
	<path>C:\Users\Michael Mak\Downloads\Dataset\training_set\320.jpg</path>
	<source>
		<database>Unknown</database>
	</source>
	<size>
		<width>300</width>
		<height>300</height>
		<depth>3</depth>
	</size>
	<segmented>0</segmented>
	<object>
		<name>traffic cone</name>
		<pose>Unspecified</pose>
		<truncated>0</truncated>
		<difficult>0</difficult>
		<bndbox>
			<xmin>37</xmin>
			<ymin>34</ymin>
			<xmax>181</xmax>
			<ymax>222</ymax>
		</bndbox>
	</object>
	<object>
		<name>traffic cone</name>
		<pose>Unspecified</pose>
		<truncated>0</truncated>
		<difficult>0</difficult>
		<bndbox>
			<xmin>138</xmin>
			<ymin>86</ymin>
			<xmax>272</xmax>
			<ymax>196</ymax>
		</bndbox>
	</object>
</annotation>
