<annotation>
	<folder>training_set</folder>
	<filename>328.jpg</filename>
	<path>C:\Users\Michael Mak\Downloads\Dataset\training_set\328.jpg</path>
	<source>
		<database>Unknown</database>
	</source>
	<size>
		<width>300</width>
		<height>300</height>
		<depth>3</depth>
	</size>
	<segmented>0</segmented>
	<object>
		<name>traffic cone</name>
		<pose>Unspecified</pose>
		<truncated>0</truncated>
		<difficult>0</difficult>
		<bndbox>
			<xmin>44</xmin>
			<ymin>188</ymin>
			<xmax>76</xmax>
			<ymax>267</ymax>
		</bndbox>
	</object>
	<object>
		<name>traffic cone</name>
		<pose>Unspecified</pose>
		<truncated>0</truncated>
		<difficult>0</difficult>
		<bndbox>
			<xmin>64</xmin>
			<ymin>180</ymin>
			<xmax>87</xmax>
			<ymax>242</ymax>
		</bndbox>
	</object>
</annotation>
