<annotation>
	<folder>training_set</folder>
	<filename>33.jpg</filename>
	<path>C:\Users\Michael Mak\Downloads\Dataset\training_set\33.jpg</path>
	<source>
		<database>Unknown</database>
	</source>
	<size>
		<width>300</width>
		<height>300</height>
		<depth>3</depth>
	</size>
	<segmented>0</segmented>
	<object>
		<name>traffic cone</name>
		<pose>Unspecified</pose>
		<truncated>0</truncated>
		<difficult>0</difficult>
		<bndbox>
			<xmin>137</xmin>
			<ymin>200</ymin>
			<xmax>179</xmax>
			<ymax>294</ymax>
		</bndbox>
	</object>
	<object>
		<name>traffic cone</name>
		<pose>Unspecified</pose>
		<truncated>1</truncated>
		<difficult>0</difficult>
		<bndbox>
			<xmin>282</xmin>
			<ymin>185</ymin>
			<xmax>300</xmax>
			<ymax>270</ymax>
		</bndbox>
	</object>
</annotation>
