<annotation>
	<folder>training_set</folder>
	<filename>330.jpg</filename>
	<path>C:\Users\Michael Mak\Downloads\Dataset\training_set\330.jpg</path>
	<source>
		<database>Unknown</database>
	</source>
	<size>
		<width>300</width>
		<height>300</height>
		<depth>3</depth>
	</size>
	<segmented>0</segmented>
	<object>
		<name>traffic cone</name>
		<pose>Unspecified</pose>
		<truncated>0</truncated>
		<difficult>0</difficult>
		<bndbox>
			<xmin>14</xmin>
			<ymin>28</ymin>
			<xmax>163</xmax>
			<ymax>256</ymax>
		</bndbox>
	</object>
	<object>
		<name>traffic cone</name>
		<pose>Unspecified</pose>
		<truncated>0</truncated>
		<difficult>0</difficult>
		<bndbox>
			<xmin>166</xmin>
			<ymin>63</ymin>
			<xmax>274</xmax>
			<ymax>228</ymax>
		</bndbox>
	</object>
</annotation>
