<annotation>
	<folder>training_set</folder>
	<filename>331.jpg</filename>
	<path>C:\Users\Michael Mak\Downloads\Dataset\training_set\331.jpg</path>
	<source>
		<database>Unknown</database>
	</source>
	<size>
		<width>300</width>
		<height>300</height>
		<depth>3</depth>
	</size>
	<segmented>0</segmented>
	<object>
		<name>traffic cone</name>
		<pose>Unspecified</pose>
		<truncated>0</truncated>
		<difficult>0</difficult>
		<bndbox>
			<xmin>31</xmin>
			<ymin>132</ymin>
			<xmax>85</xmax>
			<ymax>212</ymax>
		</bndbox>
	</object>
	<object>
		<name>traffic cone</name>
		<pose>Unspecified</pose>
		<truncated>0</truncated>
		<difficult>0</difficult>
		<bndbox>
			<xmin>69</xmin>
			<ymin>158</ymin>
			<xmax>138</xmax>
			<ymax>229</ymax>
		</bndbox>
	</object>
	<object>
		<name>traffic cone</name>
		<pose>Unspecified</pose>
		<truncated>0</truncated>
		<difficult>0</difficult>
		<bndbox>
			<xmin>160</xmin>
			<ymin>155</ymin>
			<xmax>216</xmax>
			<ymax>253</ymax>
		</bndbox>
	</object>
</annotation>
