<annotation>
	<folder>training_set</folder>
	<filename>336.jpg</filename>
	<path>C:\Users\Michael Mak\Downloads\Dataset\training_set\336.jpg</path>
	<source>
		<database>Unknown</database>
	</source>
	<size>
		<width>300</width>
		<height>300</height>
		<depth>3</depth>
	</size>
	<segmented>0</segmented>
	<object>
		<name>traffic cone</name>
		<pose>Unspecified</pose>
		<truncated>0</truncated>
		<difficult>0</difficult>
		<bndbox>
			<xmin>131</xmin>
			<ymin>78</ymin>
			<xmax>197</xmax>
			<ymax>169</ymax>
		</bndbox>
	</object>
</annotation>
