<annotation>
	<folder>training_set</folder>
	<filename>347.jpg</filename>
	<path>C:\Users\Michael Mak\Downloads\Dataset\training_set\347.jpg</path>
	<source>
		<database>Unknown</database>
	</source>
	<size>
		<width>300</width>
		<height>300</height>
		<depth>3</depth>
	</size>
	<segmented>0</segmented>
	<object>
		<name>traffic cone</name>
		<pose>Unspecified</pose>
		<truncated>0</truncated>
		<difficult>0</difficult>
		<bndbox>
			<xmin>17</xmin>
			<ymin>43</ymin>
			<xmax>106</xmax>
			<ymax>252</ymax>
		</bndbox>
	</object>
	<object>
		<name>traffic cone</name>
		<pose>Unspecified</pose>
		<truncated>0</truncated>
		<difficult>0</difficult>
		<bndbox>
			<xmin>189</xmin>
			<ymin>7</ymin>
			<xmax>296</xmax>
			<ymax>261</ymax>
		</bndbox>
	</object>
</annotation>
