<annotation>
	<folder>training_set</folder>
	<filename>360.jpg</filename>
	<path>C:\Users\Michael Mak\Downloads\Dataset\training_set\360.jpg</path>
	<source>
		<database>Unknown</database>
	</source>
	<size>
		<width>300</width>
		<height>300</height>
		<depth>3</depth>
	</size>
	<segmented>0</segmented>
	<object>
		<name>traffic cone</name>
		<pose>Unspecified</pose>
		<truncated>0</truncated>
		<difficult>0</difficult>
		<bndbox>
			<xmin>48</xmin>
			<ymin>243</ymin>
			<xmax>88</xmax>
			<ymax>291</ymax>
		</bndbox>
	</object>
</annotation>
