<annotation>
	<folder>training_set</folder>
	<filename>363.jpg</filename>
	<path>C:\Users\Michael Mak\Downloads\Dataset\training_set\363.jpg</path>
	<source>
		<database>Unknown</database>
	</source>
	<size>
		<width>300</width>
		<height>300</height>
		<depth>3</depth>
	</size>
	<segmented>0</segmented>
	<object>
		<name>traffic cone</name>
		<pose>Unspecified</pose>
		<truncated>0</truncated>
		<difficult>0</difficult>
		<bndbox>
			<xmin>52</xmin>
			<ymin>192</ymin>
			<xmax>143</xmax>
			<ymax>294</ymax>
		</bndbox>
	</object>
	<object>
		<name>traffic cone</name>
		<pose>Unspecified</pose>
		<truncated>0</truncated>
		<difficult>0</difficult>
		<bndbox>
			<xmin>134</xmin>
			<ymin>135</ymin>
			<xmax>204</xmax>
			<ymax>222</ymax>
		</bndbox>
	</object>
	<object>
		<name>traffic cone</name>
		<pose>Unspecified</pose>
		<truncated>0</truncated>
		<difficult>0</difficult>
		<bndbox>
			<xmin>199</xmin>
			<ymin>106</ymin>
			<xmax>262</xmax>
			<ymax>183</ymax>
		</bndbox>
	</object>
</annotation>
