<annotation>
	<folder>training_set</folder>
	<filename>372.jpg</filename>
	<path>C:\Users\Michael Mak\Downloads\Dataset\training_set\372.jpg</path>
	<source>
		<database>Unknown</database>
	</source>
	<size>
		<width>300</width>
		<height>300</height>
		<depth>3</depth>
	</size>
	<segmented>0</segmented>
	<object>
		<name>traffic cone</name>
		<pose>Unspecified</pose>
		<truncated>0</truncated>
		<difficult>0</difficult>
		<bndbox>
			<xmin>13</xmin>
			<ymin>92</ymin>
			<xmax>92</xmax>
			<ymax>204</ymax>
		</bndbox>
	</object>
	<object>
		<name>traffic cone</name>
		<pose>Unspecified</pose>
		<truncated>0</truncated>
		<difficult>0</difficult>
		<bndbox>
			<xmin>117</xmin>
			<ymin>92</ymin>
			<xmax>183</xmax>
			<ymax>205</ymax>
		</bndbox>
	</object>
	<object>
		<name>traffic cone</name>
		<pose>Unspecified</pose>
		<truncated>0</truncated>
		<difficult>0</difficult>
		<bndbox>
			<xmin>208</xmin>
			<ymin>92</ymin>
			<xmax>286</xmax>
			<ymax>205</ymax>
		</bndbox>
	</object>
</annotation>
