<annotation>
	<folder>training_set</folder>
	<filename>402.jpg</filename>
	<path>C:\Users\Michael Mak\Downloads\Dataset\training_set\402.jpg</path>
	<source>
		<database>Unknown</database>
	</source>
	<size>
		<width>300</width>
		<height>300</height>
		<depth>3</depth>
	</size>
	<segmented>0</segmented>
	<object>
		<name>traffic cone</name>
		<pose>Unspecified</pose>
		<truncated>1</truncated>
		<difficult>0</difficult>
		<bndbox>
			<xmin>119</xmin>
			<ymin>210</ymin>
			<xmax>222</xmax>
			<ymax>300</ymax>
		</bndbox>
	</object>
</annotation>
